Daily commit on Mon Mar 31 17:48:37 UTC 2025
Daily commit on Mon Mar 31 17:52:21 UTC 2025
Daily commit on Tue Apr  1 03:06:38 UTC 2025
Daily commit on Wed Apr  2 02:56:04 UTC 2025
Daily commit on Thu Apr  3 02:54:31 UTC 2025
Daily commit on Fri Apr  4 02:54:47 UTC 2025
Daily commit on Sat Apr  5 02:52:22 UTC 2025
Daily commit on Sun Apr  6 02:59:24 UTC 2025
Daily commit on Mon Apr  7 02:58:48 UTC 2025
Daily commit on Tue Apr  8 02:55:16 UTC 2025
Daily commit on Wed Apr  9 02:56:30 UTC 2025
Daily commit on Thu Apr 10 02:55:43 UTC 2025
Daily commit on Fri Apr 11 02:56:40 UTC 2025
Daily commit on Sat Apr 12 02:53:07 UTC 2025
Daily commit on Sun Apr 13 04:03:53 UTC 2025
Daily commit on Mon Apr 14 03:01:15 UTC 2025
Daily commit on Tue Apr 15 02:59:45 UTC 2025
Daily commit on Wed Apr 16 02:59:25 UTC 2025
Daily commit on Thu Apr 17 02:58:06 UTC 2025
Daily commit on Fri Apr 18 02:55:21 UTC 2025
Daily commit on Sat Apr 19 02:51:34 UTC 2025
Daily commit on Sun Apr 20 03:02:27 UTC 2025
Daily commit on Mon Apr 21 03:03:46 UTC 2025
Daily commit on Tue Apr 22 02:57:58 UTC 2025
Daily commit on Wed Apr 23 02:58:46 UTC 2025
Daily commit on Thu Apr 24 03:00:36 UTC 2025
Daily commit on Fri Apr 25 03:00:42 UTC 2025
Daily commit on Sat Apr 26 02:54:36 UTC 2025
Daily commit on Sun Apr 27 03:03:12 UTC 2025
Daily commit on Mon Apr 28 03:04:43 UTC 2025
Daily commit on Tue Apr 29 03:00:47 UTC 2025
Daily commit on Wed Apr 30 03:00:43 UTC 2025
Daily commit on Thu May  1 03:10:35 UTC 2025
Daily commit on Fri May  2 03:02:25 UTC 2025
Daily commit on Sat May  3 02:58:06 UTC 2025
Daily commit on Sun May  4 03:10:49 UTC 2025
Daily commit on Mon May  5 03:06:55 UTC 2025
Daily commit on Tue May  6 03:03:03 UTC 2025
Daily commit on Wed May  7 03:04:21 UTC 2025
Daily commit on Thu May  8 03:05:47 UTC 2025
Daily commit on Fri May  9 03:04:22 UTC 2025
Daily commit on Sat May 10 02:58:18 UTC 2025
Daily commit on Sun May 11 03:08:43 UTC 2025
Daily commit on Mon May 12 03:08:02 UTC 2025
Daily commit on Tue May 13 03:06:01 UTC 2025
Daily commit on Wed May 14 03:04:34 UTC 2025
Daily commit on Thu May 15 03:04:21 UTC 2025
Daily commit on Fri May 16 03:06:45 UTC 2025
Daily commit on Sat May 17 03:01:18 UTC 2025
Daily commit on Sun May 18 03:11:34 UTC 2025
Daily commit on Mon May 19 03:12:00 UTC 2025
Daily commit on Tue May 20 03:06:40 UTC 2025
Daily commit on Wed May 21 03:06:10 UTC 2025
Daily commit on Thu May 22 03:06:27 UTC 2025
Daily commit on Fri May 23 03:05:42 UTC 2025
Daily commit on Sat May 24 03:00:15 UTC 2025
Daily commit on Sun May 25 03:13:46 UTC 2025
Daily commit on Mon May 26 03:10:45 UTC 2025
Daily commit on Tue May 27 03:05:12 UTC 2025
Daily commit on Wed May 28 03:07:26 UTC 2025
Daily commit on Thu May 29 03:08:01 UTC 2025
Daily commit on Fri May 30 03:05:48 UTC 2025
Daily commit on Sat May 31 03:04:33 UTC 2025
Daily commit on Sun Jun  1 03:25:00 UTC 2025
Daily commit on Mon Jun  2 03:14:36 UTC 2025
Daily commit on Tue Jun  3 03:10:14 UTC 2025
Daily commit on Wed Jun  4 03:10:42 UTC 2025
Daily commit on Thu Jun  5 03:10:21 UTC 2025
Daily commit on Fri Jun  6 03:09:42 UTC 2025
Daily commit on Sat Jun  7 03:07:27 UTC 2025
Daily commit on Sun Jun  8 03:17:31 UTC 2025
Daily commit on Mon Jun  9 03:15:51 UTC 2025
Daily commit on Tue Jun 10 03:12:47 UTC 2025
Daily commit on Wed Jun 11 03:11:39 UTC 2025
Daily commit on Thu Jun 12 03:10:09 UTC 2025
Daily commit on Fri Jun 13 03:11:38 UTC 2025
Daily commit on Sat Jun 14 03:05:59 UTC 2025
Daily commit on Sun Jun 15 03:18:02 UTC 2025
Daily commit on Mon Jun 16 03:15:44 UTC 2025
Daily commit on Tue Jun 17 03:12:04 UTC 2025
Daily commit on Wed Jun 18 03:10:56 UTC 2025
Daily commit on Thu Jun 19 03:11:41 UTC 2025
Daily commit on Fri Jun 20 03:10:44 UTC 2025
Daily commit on Sat Jun 21 03:06:36 UTC 2025
Daily commit on Sun Jun 22 03:19:02 UTC 2025
Daily commit on Mon Jun 23 03:19:54 UTC 2025
Daily commit on Tue Jun 24 03:12:57 UTC 2025
Daily commit on Wed Jun 25 03:13:34 UTC 2025
Daily commit on Thu Jun 26 03:12:04 UTC 2025
Daily commit on Fri Jun 27 03:13:30 UTC 2025
Daily commit on Sat Jun 28 03:08:17 UTC 2025
Daily commit on Sun Jun 29 03:21:57 UTC 2025
Daily commit on Mon Jun 30 03:18:30 UTC 2025
Daily commit on Tue Jul  1 03:23:18 UTC 2025
Daily commit on Wed Jul  2 03:12:40 UTC 2025
Daily commit on Thu Jul  3 03:13:53 UTC 2025
Daily commit on Fri Jul  4 03:12:27 UTC 2025
Daily commit on Sat Jul  5 03:07:45 UTC 2025
Daily commit on Sun Jul  6 03:20:12 UTC 2025
Daily commit on Mon Jul  7 03:18:19 UTC 2025
Daily commit on Tue Jul  8 03:13:39 UTC 2025
Daily commit on Wed Jul  9 03:15:49 UTC 2025
Daily commit on Thu Jul 10 03:15:33 UTC 2025
Daily commit on Fri Jul 11 03:21:08 UTC 2025
Daily commit on Sat Jul 12 03:19:10 UTC 2025
Daily commit on Sun Jul 13 03:25:15 UTC 2025
Daily commit on Mon Jul 14 03:25:10 UTC 2025
Daily commit on Tue Jul 15 03:23:12 UTC 2025
Daily commit on Wed Jul 16 03:21:22 UTC 2025
Daily commit on Thu Jul 17 03:20:59 UTC 2025
Daily commit on Fri Jul 18 03:22:49 UTC 2025
Daily commit on Sat Jul 19 03:16:39 UTC 2025
Daily commit on Sun Jul 20 03:29:42 UTC 2025
Daily commit on Mon Jul 21 03:28:01 UTC 2025
Daily commit on Tue Jul 22 03:22:35 UTC 2025
Daily commit on Wed Jul 23 03:24:04 UTC 2025
Daily commit on Thu Jul 24 03:22:34 UTC 2025
Daily commit on Fri Jul 25 03:22:37 UTC 2025
Daily commit on Sat Jul 26 03:19:22 UTC 2025
Daily commit on Sun Jul 27 03:39:45 UTC 2025
Daily commit on Mon Jul 28 03:29:07 UTC 2025
Daily commit on Tue Jul 29 03:42:09 UTC 2025
Daily commit on Wed Jul 30 03:27:22 UTC 2025
Daily commit on Thu Jul 31 03:25:42 UTC 2025
Daily commit on Fri Aug  1 03:47:31 UTC 2025
Daily commit on Sat Aug  2 03:19:07 UTC 2025
Daily commit on Sun Aug  3 03:43:01 UTC 2025
Daily commit on Mon Aug  4 03:47:39 UTC 2025
Daily commit on Tue Aug  5 03:39:48 UTC 2025
Daily commit on Wed Aug  6 03:28:02 UTC 2025
Daily commit on Thu Aug  7 03:27:55 UTC 2025
Daily commit on Fri Aug  8 03:27:37 UTC 2025
Daily commit on Sat Aug  9 03:13:51 UTC 2025
Daily commit on Sun Aug 10 03:27:48 UTC 2025
Daily commit on Mon Aug 11 03:26:31 UTC 2025
Daily commit on Tue Aug 12 03:10:50 UTC 2025
Daily commit on Wed Aug 13 03:13:27 UTC 2025
Daily commit on Thu Aug 14 03:13:56 UTC 2025
Daily commit on Fri Aug 15 03:14:51 UTC 2025
Daily commit on Sat Aug 16 03:08:14 UTC 2025
Daily commit on Sun Aug 17 03:18:33 UTC 2025
Daily commit on Mon Aug 18 03:22:42 UTC 2025
Daily commit on Tue Aug 19 03:04:31 UTC 2025
Daily commit on Wed Aug 20 03:02:36 UTC 2025
Daily commit on Thu Aug 21 03:01:32 UTC 2025
Daily commit on Fri Aug 22 03:01:54 UTC 2025
Daily commit on Sat Aug 23 02:56:40 UTC 2025
Daily commit on Sun Aug 24 03:12:10 UTC 2025
Daily commit on Mon Aug 25 03:08:32 UTC 2025
Daily commit on Tue Aug 26 03:03:16 UTC 2025
Daily commit on Wed Aug 27 02:56:45 UTC 2025
Daily commit on Thu Aug 28 02:56:37 UTC 2025
Daily commit on Fri Aug 29 02:56:27 UTC 2025
Daily commit on Sat Aug 30 02:49:54 UTC 2025
Daily commit on Sun Aug 31 03:00:16 UTC 2025
Daily commit on Mon Sep  1 03:13:47 UTC 2025
Daily commit on Tue Sep  2 03:00:08 UTC 2025
Daily commit on Wed Sep  3 02:47:45 UTC 2025
Daily commit on Thu Sep  4 02:49:01 UTC 2025
Daily commit on Fri Sep  5 02:53:02 UTC 2025
Daily commit on Sat Sep  6 02:45:55 UTC 2025
Daily commit on Sun Sep  7 02:56:20 UTC 2025
Daily commit on Mon Sep  8 03:00:14 UTC 2025
Daily commit on Tue Sep  9 02:55:37 UTC 2025
Daily commit on Wed Sep 10 02:47:49 UTC 2025
Daily commit on Thu Sep 11 02:54:22 UTC 2025
Daily commit on Fri Sep 12 02:46:39 UTC 2025
Daily commit on Sat Sep 13 02:40:01 UTC 2025
Daily commit on Sun Sep 14 02:56:04 UTC 2025
Daily commit on Mon Sep 15 03:01:06 UTC 2025
Daily commit on Tue Sep 16 02:49:30 UTC 2025
Daily commit on Wed Sep 17 02:47:58 UTC 2025
Daily commit on Thu Sep 18 02:51:05 UTC 2025
Daily commit on Fri Sep 19 02:54:32 UTC 2025
Daily commit on Sat Sep 20 02:45:21 UTC 2025
Daily commit on Sun Sep 21 03:01:07 UTC 2025
Daily commit on Mon Sep 22 03:00:47 UTC 2025
Daily commit on Tue Sep 23 02:51:38 UTC 2025
Daily commit on Wed Sep 24 02:53:26 UTC 2025
Daily commit on Thu Sep 25 02:55:35 UTC 2025
Daily commit on Fri Sep 26 02:53:44 UTC 2025
Daily commit on Sat Sep 27 02:45:23 UTC 2025
Daily commit on Sun Sep 28 03:01:32 UTC 2025
Daily commit on Mon Sep 29 02:57:55 UTC 2025
Daily commit on Tue Sep 30 02:51:55 UTC 2025
Daily commit on Wed Oct  1 03:04:10 UTC 2025
Daily commit on Thu Oct  2 02:50:23 UTC 2025
Daily commit on Fri Oct  3 02:49:20 UTC 2025
Daily commit on Sat Oct  4 02:42:16 UTC 2025
Daily commit on Sun Oct  5 03:00:31 UTC 2025
Daily commit on Mon Oct  6 02:55:16 UTC 2025
Daily commit on Tue Oct  7 02:51:48 UTC 2025
Daily commit on Wed Oct  8 02:51:45 UTC 2025
Daily commit on Thu Oct  9 02:54:08 UTC 2025
Daily commit on Fri Oct 10 02:54:35 UTC 2025
Daily commit on Sat Oct 11 02:44:46 UTC 2025
Daily commit on Sun Oct 12 02:56:12 UTC 2025
Daily commit on Mon Oct 13 03:02:45 UTC 2025
Daily commit on Tue Oct 14 02:54:42 UTC 2025
Daily commit on Wed Oct 15 02:58:21 UTC 2025
Daily commit on Thu Oct 16 02:57:01 UTC 2025
Daily commit on Fri Oct 17 02:55:20 UTC 2025
Daily commit on Sat Oct 18 02:47:04 UTC 2025
Daily commit on Sun Oct 19 03:08:11 UTC 2025
Daily commit on Mon Oct 20 03:07:43 UTC 2025
Daily commit on Tue Oct 21 02:59:22 UTC 2025
Daily commit on Wed Oct 22 03:03:57 UTC 2025
Daily commit on Thu Oct 23 02:57:24 UTC 2025
Daily commit on Fri Oct 24 02:54:12 UTC 2025
Daily commit on Sat Oct 25 02:55:38 UTC 2025
Daily commit on Sun Oct 26 03:03:10 UTC 2025
Daily commit on Mon Oct 27 03:12:12 UTC 2025
Daily commit on Tue Oct 28 03:00:49 UTC 2025
Daily commit on Wed Oct 29 03:08:13 UTC 2025
Daily commit on Thu Oct 30 03:04:10 UTC 2025
Daily commit on Fri Oct 31 03:03:50 UTC 2025
Daily commit on Sat Nov  1 03:04:12 UTC 2025
Daily commit on Sun Nov  2 03:07:43 UTC 2025
Daily commit on Mon Nov  3 03:09:39 UTC 2025
Daily commit on Tue Nov  4 03:03:13 UTC 2025
Daily commit on Wed Nov  5 03:04:36 UTC 2025
Daily commit on Thu Nov  6 03:07:03 UTC 2025
Daily commit on Fri Nov  7 03:03:42 UTC 2025
Daily commit on Sat Nov  8 02:55:43 UTC 2025
Daily commit on Sun Nov  9 03:06:05 UTC 2025
Daily commit on Mon Nov 10 03:11:54 UTC 2025
Daily commit on Tue Nov 11 03:06:42 UTC 2025
Daily commit on Wed Nov 12 03:05:07 UTC 2025
Daily commit on Thu Nov 13 03:07:34 UTC 2025
Daily commit on Fri Nov 14 03:06:16 UTC 2025
Daily commit on Sat Nov 15 02:59:57 UTC 2025
Daily commit on Sun Nov 16 03:10:30 UTC 2025
Daily commit on Mon Nov 17 03:08:18 UTC 2025
Daily commit on Tue Nov 18 03:05:19 UTC 2025
Daily commit on Wed Nov 19 03:04:30 UTC 2025
Daily commit on Thu Nov 20 03:02:54 UTC 2025
Daily commit on Fri Nov 21 03:03:44 UTC 2025
Daily commit on Sat Nov 22 02:57:41 UTC 2025
Daily commit on Sun Nov 23 03:19:04 UTC 2025
Daily commit on Mon Nov 24 03:15:35 UTC 2025
Daily commit on Tue Nov 25 03:07:17 UTC 2025
Daily commit on Wed Nov 26 03:07:33 UTC 2025
Daily commit on Thu Nov 27 03:04:22 UTC 2025
Daily commit on Fri Nov 28 03:04:02 UTC 2025
Daily commit on Sat Nov 29 03:03:47 UTC 2025
Daily commit on Sun Nov 30 03:18:35 UTC 2025
Daily commit on Mon Dec  1 03:41:37 UTC 2025
Daily commit on Tue Dec  2 03:10:51 UTC 2025
Daily commit on Wed Dec  3 03:09:32 UTC 2025
Daily commit on Thu Dec  4 03:11:38 UTC 2025
Daily commit on Fri Dec  5 03:11:06 UTC 2025
Daily commit on Sat Dec  6 03:02:01 UTC 2025
Daily commit on Sun Dec  7 03:18:56 UTC 2025
Daily commit on Mon Dec  8 03:13:40 UTC 2025
Daily commit on Tue Dec  9 03:11:04 UTC 2025
Daily commit on Wed Dec 10 03:14:23 UTC 2025
Daily commit on Thu Dec 11 03:16:45 UTC 2025
Daily commit on Fri Dec 12 03:15:13 UTC 2025
Daily commit on Sat Dec 13 03:08:23 UTC 2025
Daily commit on Sun Dec 14 03:20:29 UTC 2025
Daily commit on Mon Dec 15 03:21:45 UTC 2025
Daily commit on Tue Dec 16 03:16:35 UTC 2025
Daily commit on Wed Dec 17 03:12:36 UTC 2025
Daily commit on Thu Dec 18 03:13:21 UTC 2025
Daily commit on Fri Dec 19 03:16:04 UTC 2025
Daily commit on Sat Dec 20 03:07:48 UTC 2025
Daily commit on Sun Dec 21 03:20:51 UTC 2025
Daily commit on Mon Dec 22 03:23:51 UTC 2025
Daily commit on Tue Dec 23 03:18:27 UTC 2025
Daily commit on Wed Dec 24 03:15:54 UTC 2025
Daily commit on Thu Dec 25 03:19:03 UTC 2025
Daily commit on Fri Dec 26 03:16:43 UTC 2025
Daily commit on Sat Dec 27 03:15:14 UTC 2025
Daily commit on Sun Dec 28 03:28:28 UTC 2025
Daily commit on Mon Dec 29 03:29:03 UTC 2025
Daily commit on Tue Dec 30 03:19:32 UTC 2025
Daily commit on Wed Dec 31 03:18:52 UTC 2025
Daily commit on Thu Jan  1 03:41:12 UTC 2026
Daily commit on Fri Jan  2 03:22:03 UTC 2026
Daily commit on Sat Jan  3 03:14:26 UTC 2026
Daily commit on Sun Jan  4 03:41:23 UTC 2026
Daily commit on Mon Jan  5 03:45:45 UTC 2026
Daily commit on Tue Jan  6 03:20:50 UTC 2026
Daily commit on Wed Jan  7 03:21:00 UTC 2026
Daily commit on Thu Jan  8 03:21:28 UTC 2026
Daily commit on Fri Jan  9 03:22:03 UTC 2026
Daily commit on Sat Jan 10 03:15:50 UTC 2026
Daily commit on Sun Jan 11 03:40:57 UTC 2026
Daily commit on Mon Jan 12 03:29:02 UTC 2026
Daily commit on Tue Jan 13 03:20:15 UTC 2026
Daily commit on Wed Jan 14 03:27:52 UTC 2026
Daily commit on Thu Jan 15 03:22:38 UTC 2026
Daily commit on Fri Jan 16 03:21:53 UTC 2026
Daily commit on Sat Jan 17 03:15:01 UTC 2026
Daily commit on Sun Jan 18 03:27:17 UTC 2026
Daily commit on Mon Jan 19 03:29:21 UTC 2026
Daily commit on Tue Jan 20 03:25:03 UTC 2026
Daily commit on Wed Jan 21 03:24:55 UTC 2026
Daily commit on Thu Jan 22 03:28:17 UTC 2026
Daily commit on Fri Jan 23 03:24:33 UTC 2026
Daily commit on Sat Jan 24 03:18:42 UTC 2026
Daily commit on Sun Jan 25 03:44:22 UTC 2026
Daily commit on Mon Jan 26 03:47:36 UTC 2026
Daily commit on Tue Jan 27 03:28:27 UTC 2026
Daily commit on Wed Jan 28 03:26:35 UTC 2026
Daily commit on Thu Jan 29 03:58:35 UTC 2026
Daily commit on Fri Jan 30 03:58:32 UTC 2026
Daily commit on Sat Jan 31 03:55:19 UTC 2026
Daily commit on Sun Feb  1 04:19:44 UTC 2026
Daily commit on Mon Feb  2 04:12:08 UTC 2026
Daily commit on Tue Feb  3 04:04:30 UTC 2026
Daily commit on Wed Feb  4 04:02:32 UTC 2026
Daily commit on Thu Feb  5 04:03:34 UTC 2026
Daily commit on Fri Feb  6 04:04:29 UTC 2026
Daily commit on Sat Feb  7 03:58:31 UTC 2026
Daily commit on Sun Feb  8 04:23:59 UTC 2026
Daily commit on Mon Feb  9 04:14:25 UTC 2026
Daily commit on Tue Feb 10 04:22:51 UTC 2026
Daily commit on Wed Feb 11 04:20:24 UTC 2026
Daily commit on Thu Feb 12 04:12:28 UTC 2026
Daily commit on Fri Feb 13 04:09:31 UTC 2026
Daily commit on Sat Feb 14 03:59:24 UTC 2026
Daily commit on Sun Feb 15 04:10:51 UTC 2026
Daily commit on Mon Feb 16 04:12:24 UTC 2026
Daily commit on Tue Feb 17 04:07:49 UTC 2026
Daily commit on Wed Feb 18 04:10:07 UTC 2026
Daily commit on Thu Feb 19 04:08:30 UTC 2026
Daily commit on Fri Feb 20 04:04:14 UTC 2026
Daily commit on Sat Feb 21 03:56:11 UTC 2026
Daily commit on Sun Feb 22 04:06:03 UTC 2026
Daily commit on Mon Feb 23 04:11:43 UTC 2026
Daily commit on Tue Feb 24 04:07:21 UTC 2026
Daily commit on Wed Feb 25 04:08:58 UTC 2026
